A;1
T;2
K;3
A;4
V;5
C;6
V;7
L;8
K;9
G;10
D;11
G;12
P;13
V;14
Q;15
G;16
I;17
I;18
N;19
F;20
E;21
Q;22
K;23
E;24
S;25
N;26
G;27
P;28
V;29
K;30
V;31
W;32
G;33
S;34
I;35
K;36
G;37
L;38
T;39
E;40
G;41
L;42
H;43
G;44
F;45
H;46
V;47
H;48
E;49
F;50
G;51
D;52
N;53
T;54
A;55
G;56
C;57
T;58
S;59
A;60
G;61
P;62
H;63
F;64
N;65
P;66
L;67
S;68
R;69
K;70
H;71
G;72
G;73
P;74
K;75
D;76
E;77
E;78
R;79
H;80
V;81
G;82
D;83
L;84
G;85
N;86
V;87
T;88
A;89
D;90
K;91
D;92
G;93
V;94
A;95
D;96
V;97
S;98
I;99
E;100
D;101
S;102
V;103
I;104
S;105
L;106
S;107
G;108
D;109
H;110
C;111
I;112
I;113
G;114
R;115
T;116
L;117
V;118
V;119
H;120
E;121
K;122
A;123
D;124
D;125
L;126
G;127
K;128
G;129
G;130
N;131
E;132
E;133
S;134
T;135
K;136
T;137
G;138
N;139
A;140
G;141
S;142
R;143
L;144
A;145
C;146
G;147
V;148
I;149
G;150
I;151
A;152
Q;153
